2025-12-01,2025-12-01 08:00:00,2025-12-01 17:30:00
2025-12-02,2025-12-02 08:00:00,2025-12-02 17:30:00
2025-12-03,2025-12-03 08:00:00,2025-12-03 17:30:00
2025-12-04,2025-12-04 08:00:00,2025-12-04 17:30:00
2025-12-05,2025-12-05 08:00:00,2025-12-05 17:30:00
2025-12-08,2025-12-08 08:00:00,2025-12-08 17:30:00
2025-12-09,2025-12-09 08:00:00,2025-12-09 17:30:00
2025-12-10,2025-12-10 08:00:00,2025-12-10 17:30:00
2025-12-11,2025-12-11 08:00:00,2025-12-11 17:30:00
2025-12-12,2025-12-12 08:00:00,2025-12-12 17:30:00
2025-12-15,2025-12-15 08:00:00,2025-12-15 17:30:00
2025-12-16,2025-12-16 08:00:00,2025-12-16 17:30:00
2025-12-17,2025-12-17 08:00:00,2025-12-17 17:30:00
2025-12-18,2025-12-18 08:00:00,2025-12-18 17:30:00
2025-12-19,2025-12-19 08:00:00,2025-12-19 17:30:00
2025-12-22,2025-12-22 08:00:00,2025-12-22 17:30:00
2025-12-23,2025-12-23 08:00:00,2025-12-23 17:30:00
2025-12-24,2025-12-24 08:00:00,2025-12-24 17:30:00
2025-12-25,2025-12-25 08:00:00,2025-12-25 17:30:00
2025-12-26,2025-12-26 08:00:00,2025-12-26 17:30:00
2025-12-29,2025-12-29 08:00:00,2025-12-29 17:30:00
2025-12-30,2025-12-30 08:00:00,2025-12-30 17:30:00
2025-12-31,2025-12-31 08:00:00,2025-12-31 17:30:00
