1,2025-03-03
1,2025-03-04
1,2025-03-05
1,2025-03-06
1,2025-03-07
1,2025-03-10
1,2025-03-11
1,2025-03-12
1,2025-03-13
1,2025-03-14
1,2025-03-17
1,2025-03-18
1,2025-03-19
1,2025-03-20
1,2025-03-21
1,2025-03-24
1,2025-03-25
1,2025-03-26
1,2025-03-27
1,2025-03-28
1,2025-03-31
2,2025-03-03
2,2025-03-04
2,2025-03-05
2,2025-03-06
2,2025-03-07
2,2025-03-10
2,2025-03-11
2,2025-03-12
2,2025-03-13
2,2025-03-14
2,2025-03-17
2,2025-03-18
2,2025-03-19
2,2025-03-20
2,2025-03-21
2,2025-03-24
2,2025-03-25
2,2025-03-26
2,2025-03-27
2,2025-03-28
2,2025-03-31
3,2025-03-03
3,2025-03-04
3,2025-03-05
3,2025-03-06
3,2025-03-07
3,2025-03-10
3,2025-03-11
3,2025-03-12
3,2025-03-13
3,2025-03-14
3,2025-03-17
3,2025-03-18
3,2025-03-19
3,2025-03-20
3,2025-03-21
3,2025-03-24
3,2025-03-25
3,2025-03-26
3,2025-03-27
3,2025-03-28
3,2025-03-31
4,2025-03-03
4,2025-03-04
4,2025-03-05
4,2025-03-06
4,2025-03-07
4,2025-03-10
4,2025-03-11
4,2025-03-12
4,2025-03-13
4,2025-03-14
4,2025-03-17
4,2025-03-18
4,2025-03-19
4,2025-03-20
4,2025-03-21
4,2025-03-24
4,2025-03-25
4,2025-03-26
4,2025-03-27
4,2025-03-28
4,2025-03-31
5,2025-03-03
5,2025-03-04
5,2025-03-05
5,2025-03-06
5,2025-03-07
5,2025-03-10
5,2025-03-11
5,2025-03-12
5,2025-03-13
5,2025-03-14
5,2025-03-17
5,2025-03-18
5,2025-03-19
5,2025-03-20
5,2025-03-21
5,2025-03-24
5,2025-03-25
5,2025-03-26
5,2025-03-27
5,2025-03-28
5,2025-03-31
6,2025-03-03
6,2025-03-04
6,2025-03-05
6,2025-03-06
6,2025-03-07
6,2025-03-10
6,2025-03-11
6,2025-03-12
6,2025-03-13
6,2025-03-14
6,2025-03-17
6,2025-03-18
6,2025-03-19
6,2025-03-20
6,2025-03-21
6,2025-03-24
6,2025-03-25
6,2025-03-26
6,2025-03-27
6,2025-03-28
6,2025-03-31
7,2025-03-03
7,2025-03-04
7,2025-03-05
7,2025-03-06
7,2025-03-07
7,2025-03-10
7,2025-03-11
7,2025-03-12
7,2025-03-13
7,2025-03-14
7,2025-03-17
7,2025-03-18
7,2025-03-19
7,2025-03-20
7,2025-03-21
7,2025-03-24
7,2025-03-25
7,2025-03-26
7,2025-03-27
7,2025-03-28
7,2025-03-31
8,2025-03-03
8,2025-03-04
8,2025-03-05
8,2025-03-06
8,2025-03-07
8,2025-03-10
8,2025-03-11
8,2025-03-12
8,2025-03-13
8,2025-03-14
8,2025-03-17
8,2025-03-18
8,2025-03-19
8,2025-03-20
8,2025-03-21
8,2025-03-24
8,2025-03-25
8,2025-03-26
8,2025-03-27
8,2025-03-28
8,2025-03-31
9,2025-03-03
9,2025-03-04
9,2025-03-05
9,2025-03-06
9,2025-03-07
9,2025-03-10
9,2025-03-11
9,2025-03-12
9,2025-03-13
9,2025-03-14
9,2025-03-17
9,2025-03-18
9,2025-03-19
9,2025-03-20
9,2025-03-21
9,2025-03-24
9,2025-03-25
9,2025-03-26
9,2025-03-27
9,2025-03-28
9,2025-03-31
10,2025-03-03
10,2025-03-04
10,2025-03-05
10,2025-03-06
10,2025-03-07
10,2025-03-10
10,2025-03-11
10,2025-03-12
10,2025-03-13
10,2025-03-14
10,2025-03-17
10,2025-03-18
10,2025-03-19
10,2025-03-20
10,2025-03-21
10,2025-03-24
10,2025-03-25
10,2025-03-26
10,2025-03-27
10,2025-03-28
10,2025-03-31
11,2025-03-03
11,2025-03-04
11,2025-03-05
11,2025-03-06
11,2025-03-07
11,2025-03-10
11,2025-03-11
11,2025-03-12
11,2025-03-13
11,2025-03-14
11,2025-03-17
11,2025-03-18
11,2025-03-19
11,2025-03-20
11,2025-03-21
11,2025-03-24
11,2025-03-25
11,2025-03-26
11,2025-03-27
11,2025-03-28
11,2025-03-31
12,2025-03-03
12,2025-03-04
12,2025-03-05
12,2025-03-06
12,2025-03-07
12,2025-03-10
12,2025-03-11
12,2025-03-12
12,2025-03-13
12,2025-03-14
12,2025-03-17
12,2025-03-18
12,2025-03-19
12,2025-03-20
12,2025-03-21
12,2025-03-24
12,2025-03-25
12,2025-03-26
12,2025-03-27
12,2025-03-28
12,2025-03-31
13,2025-03-03
13,2025-03-04
13,2025-03-05
13,2025-03-06
13,2025-03-07
13,2025-03-10
13,2025-03-11
13,2025-03-12
13,2025-03-13
13,2025-03-14
13,2025-03-17
13,2025-03-18
13,2025-03-19
13,2025-03-20
13,2025-03-21
13,2025-03-24
13,2025-03-25
13,2025-03-26
13,2025-03-27
13,2025-03-28
13,2025-03-31
14,2025-03-03
14,2025-03-04
14,2025-03-05
14,2025-03-06
14,2025-03-07
14,2025-03-10
14,2025-03-11
14,2025-03-12
14,2025-03-13
14,2025-03-14
14,2025-03-17
14,2025-03-18
14,2025-03-19
14,2025-03-20
14,2025-03-21
14,2025-03-24
14,2025-03-25
14,2025-03-26
14,2025-03-27
14,2025-03-28
14,2025-03-31
15,2025-03-03
15,2025-03-04
15,2025-03-05
15,2025-03-06
15,2025-03-07
15,2025-03-10
15,2025-03-11
15,2025-03-12
15,2025-03-13
15,2025-03-14
15,2025-03-17
15,2025-03-18
15,2025-03-19
15,2025-03-20
15,2025-03-21
15,2025-03-24
15,2025-03-25
15,2025-03-26
15,2025-03-27
15,2025-03-28
15,2025-03-31
