"general_catalog","general_catalog.showIndexDepartment","Xem phòng ban","Xem danh sách các phòng ban"
"general_catalog","general_catalog.postDepartment","Thêm phòng ban","Thêm mới một phòng ban"
"general_catalog","general_catalog.deleteDepartment","Xóa phòng ban","Xóa một phòng ban khỏi hệ thống"
"general_catalog","general_catalog.putDepartment","Cập nhật phòng ban","Cập nhật thông tin phòng ban"
"general_catalog","general_catalog.showIndexPosition","Xem chức vụ","Xem danh sách chức vụ"
"general_catalog","general_catalog.postPosition","Thêm chức vụ","Thêm chức vụ mới"
"general_catalog","general_catalog.deletePosition","Xóa chức vụ","Xóa chức vụ khỏi hệ thống"
"general_catalog","general_catalog.putPosition","Cập nhật chức vụ","Cập nhật thông tin chức vụ"
"general_catalog","general_catalog.showIndexEmployee","Xem nhân viên","Xem danh sách nhân viên"
"general_catalog","general_catalog.showUpdateEmployee","Xem cập nhật nhân viên","Xem trang cập nhật nhân viên"
"general_catalog","general_catalog.putEmployee","Cập nhật nhân viên","Cập nhật thông tin nhân viên"
"general_catalog","general_catalog.searchEmployee","Tìm nhân viên","Tìm kiếm nhân viên theo tên hoặc mã"
"general_catalog","general_catalog.showIndexWorkingShift","Xem ca làm việc","Xem danh sách ca làm việc"
"general_catalog","general_catalog.putWorkingShift","Cập nhật ca làm việc","Sửa thông tin ca làm việc"
"general_catalog","general_catalog.deleteWorkingShift","Xóa ca làm việc","Xóa ca làm việc"
"general_catalog","general_catalog.showIndexDeduction","Xem khoản trích nộp","Xem danh sách khoản trích nộp"
"general_catalog","general_catalog.putDeduction","Cập nhật khoản trích nộp","Sửa thông tin khoản trích nộp"
"general_catalog","general_catalog.deleteDeduction","Xóa khoản trích nộp","Xóa khoản trích nộp khỏi hệ thống"
"general_catalog","general_catalog.postDeduction","Thêm khoản trích nộp","Thêm khoản trích nộp mới"
"general_catalog","general_catalog.showIndexAllowance","Xem phụ cấp","Xem danh sách phụ cấp"
"general_catalog","general_catalog.putAllowance","Cập nhật phụ cấp","Sửa thông tin phụ cấp"
"general_catalog","general_catalog.deleteAllowance","Xóa phụ cấp","Xóa phụ cấp khỏi hệ thống"
"general_catalog","general_catalog.postAllowance","Thêm phụ cấp","Thêm phụ cấp mới"
"general_catalog","general_catalog.showIndexBonus","Xem thưởng","Xem danh sách thưởng"
"general_catalog","general_catalog.putBonus","Cập nhật thưởng","Sửa thông tin thưởng"
"general_catalog","general_catalog.deleteBonus","Xóa thưởng","Xóa khoản thưởng"
"general_catalog","general_catalog.postBonus","Thêm thưởng","Thêm khoản thưởng mới"
"system","system.showIndexUser","Xem người dùng","Xem danh sách tài khoản hệ thống"
"system","system.showIndexRole","Xem vai trò","Xem danh sách vai trò người dùng"
"system","system.postUser","Thêm hoặc cập nhật người dùng","Thêm hoặc chỉnh sửa tài khoản hệ thống"
"allowance_deduction","allowance_deduction.showIndexAllowance","Xem phụ cấp nhân viên","Xem danh sách phụ cấp theo nhân viên"
"allowance_deduction","allowance_deduction.putAllowance","Cập nhật phụ cấp nhân viên","Sửa phụ cấp nhân viên"
"allowance_deduction","allowance_deduction.previewAllowancePdf","Xem PDF phụ cấp","Xem trước file PDF phụ cấp"
"allowance_deduction","allowance_deduction.showIndexDeduction","Xem trích nộp nhân viên","Xem danh sách trích nộp theo nhân viên"
"allowance_deduction","allowance_deduction.putDeduction","Cập nhật trích nộp nhân viên","Sửa khoản trích nộp nhân viên"
"allowance_deduction","allowance_deduction.previewDeductionPdf","Xem PDF trích nộp","Xem trước file PDF trích nộp"
"attendance","attendance.showDetailAttendance","Xem chi tiết chấm công","Xem bảng chấm công chi tiết"
"attendance","attendance.detail-attendance.load","Tải chi tiết chấm công","Tải dữ liệu chi tiết chấm công"
"attendance","attendance.showSummary","Xem tổng hợp công","Xem bảng tổng hợp công theo tháng"
"attendance","attendance.showOvertime","Xem làm thêm giờ","Xem danh sách làm thêm giờ"
"attendance","attendance.showPersonal","Xem công cá nhân","Xem bảng công cá nhân"
"attendance","attendance.detail-attendance.update","Cập nhật chấm công","Cập nhật dữ liệu chi tiết chấm công"
"attendance","attendance.postCloseAttendance","Chốt công","Chốt công tháng cho toàn bộ nhân viên"
"attendance","attendance.postOvertime","Thêm làm thêm giờ","Thêm mới ca làm thêm"
"attendance","attendance.putOvertime","Cập nhật làm thêm giờ","Cập nhật ca làm thêm"
"attendance","attendance.deleteOvertime","Xóa làm thêm giờ","Xóa ca làm thêm"
"accounting","accounting.showIndex","Xem bảng lương","Xem bảng lương tổng hợp"
"accounting","accounting.loadIndex","Tải bảng lương","Tải dữ liệu bảng lương"
"accounting","accounting.showIndexTax","Xem thuế","Xem báo cáo thuế TNCN"
"accounting","accounting.loadIndexTax","Tải dữ liệu thuế","Tải danh sách thuế"
"accounting","accounting.showEmployeeBonus","Xem thưởng nhân viên","Xem danh sách thưởng nhân viên"
"accounting","accounting.loadEmployeeBonusTable","Tải bảng thưởng","Tải dữ liệu thưởng nhân viên"
"accounting","accounting.previewTaxPdf","Xem PDF thuế","Xem trước file PDF thuế"
"accounting","accounting.previewPaymentPdf","Xem PDF thanh toán","Xem trước file PDF thanh toán lương"
"accounting","accounting.getUnitPrice","Xem đơn giá","Xem đơn giá tính lương"
"accounting","accounting.showPayment","Xem thanh toán","Xem danh sách thanh toán lương"
"accounting","accounting.loadPayment","Tải thanh toán","Tải dữ liệu thanh toán lương"
"accounting","accounting.postPayrollTable","Tạo bảng lương","Tạo mới bảng lương tháng"
"accounting","accounting.updateEmployeeBonus","Cập nhật thưởng nhân viên","Cập nhật dữ liệu thưởng nhân viên"
"journal","journal.showJournal","Xem sổ kế toán","Xem sổ kế toán tổng hợp"
"journal","journal.loadJournal","Tải sổ kế toán","Tải dữ liệu sổ kế toán"
"journal","journal.saveJournal","Lưu sổ kế toán","Lưu thay đổi sổ kế toán"
